<Ui xmlns="http://www.blizzard.com/wow/ui/" xmlns:xsi="http://www.w3.org/2001/XMLSchema-instance" xsi:schemaLocation="http://www.blizzard.com/wow/ui/
	..\FrameXML\UI.xsd">
<!-- $Id: FastQuest_Classic_Options.xml 102 2010-07-12 14:08:19Z arithmandar $ -->
	<Script file="FastQuest_Classic_Options.lua"/>
	<Frame name="FastQuestOptionsFrame" toplevel="true" frameStrata="DIALOG" movable="true" enableMouse="true" hidden="true" parent="UIParent" clampedToScreen="true">
		<Size>
			<AbsDimension x="636" y="438"/>
		</Size>
		<Anchors>
			<Anchor point="CENTER"/>
		</Anchors>
		<Backdrop bgFile="Interface\DialogFrame\UI-DialogBox-Background" edgeFile="Interface\DialogFrame\UI-DialogBox-Border" tile="true">
			<BackgroundInsets>
				<AbsInset left="11" right="12" top="12" bottom="11"/>
			</BackgroundInsets>
			<TileSize>
				<AbsValue val="32"/>
			</TileSize>
			<EdgeSize>
				<AbsValue val="32"/>
			</EdgeSize>
		</Backdrop>
		<Layers>
			<Layer level="ARTWORK">
				<Texture name="FastQuestOptionsFrameHeader" file="Interface\DialogFrame\UI-DialogBox-Header">
					<Size>
						<AbsDimension x="420" y="64"/>
					</Size>
					<Anchors>
						<Anchor point="TOP">
							<Offset>
								<AbsDimension x="0" y="12"/>
							</Offset>
						</Anchor>
					</Anchors>
				</Texture>
				<FontString inherits="GameFontNormalLarge" text="FQ_OPT_OPTIONS_TITLE">
					<Anchors>
						<Anchor point="TOP" relativeTo="FastQuestOptionsFrameHeader">
							<Offset>
								<AbsDimension x="0" y="-12"/>
							</Offset>
						</Anchor>
					</Anchors>
				</FontString>
			</Layer>
		</Layers>
		<Frames>
			<Frame name="FastQuestNotifyFrame" inherits="FQ_OptionFrameBoxTemplate">
				<Size>
					<AbsDimension x="300" y="282"/>
				</Size>
				<Anchors>
					<Anchor point="TOPLEFT">
						<Offset>
							<AbsDimension x="18" y="-36"/>
						</Offset>
					</Anchor>
				</Anchors>
<!--
				<Layers>
					<Layer>
						<FontString inherits="GameFontNormalSmall" text="">
							<Anchors>
								<Anchor point="TOPLEFT" relativeTo="FastQuestNotifyFrame">
									<Offset>
										<AbsDimension x="0" y="4"/>
									</Offset>
								</Anchor>
							</Anchors>
						</FontString>
					</Layer>
				</Layers>
-->
				<Frames>
					<CheckButton name="FQOptionsAutoNotify" inherits="OptionsCheckButtonTemplate">
						<Anchors>
							<Anchor point="TOPLEFT">
								<Offset>
									<AbsDimension x="12" y="-12"/>
								</Offset>
							</Anchor>
						</Anchors>
						<Scripts>
							<OnLoad>
								getglobal(self:GetName().."Text"):SetText(FQ_OPT_AUTONOTIFY_TITLE);
							</OnLoad>
							<OnEnter>
								GameTooltip:SetOwner(self, "ANCHOR_TOPRIGHT");
								GameTooltip_AddNewbieTip(self, FQ_OPT_AUTONOTIFY_TITLE, 1.0, 1.0, 1.0, FQ_OPT_AUTONOTIFY_TIP, 1);
							</OnEnter>
							<OnLeave>
								GameTooltip:Hide();
							</OnLeave>
							<OnClick>
								if ( self:GetChecked() ) then
									PlaySound("igMainMenuOptionCheckBoxOn");
								else
									PlaySound("igMainMenuOptionCheckBoxOff");
								end
								FastQuest_Toggle_AutoNotify();
							</OnClick>
						</Scripts>
					</CheckButton>
					<Frame>
						<Layers>
							<Layer>
								<FontString inherits="GameFontNormalSmall" text="FQ_OPT_NOTIFYCHANNEL_TITLE">
									<Anchors>
										<Anchor point="TOPLEFT" relativeTo="FQOptionsAutoNotify">
											<Offset>
												<AbsDimension x="15" y="-30"/>
											</Offset>
										</Anchor>
									</Anchors>
								</FontString>
							</Layer>
						</Layers>
					</Frame>
					<CheckButton name="FQOptionsNotifyNearby" inherits="OptionsCheckButtonTemplate">
						<Anchors>
							<Anchor point="TOPLEFT" relativeTo="FQOptionsAutoNotify">
								<Offset>
									<AbsDimension x="30" y="-50"/>
								</Offset>
							</Anchor>
						</Anchors>
						<Size>
							<AbsDimension x="26" y="26"/>
						</Size>
						<Scripts>
							<OnLoad>
								getglobal(self:GetName().."Text"):SetText(FQ_OPT_NOTIFYNEARBY_TITLE);
							</OnLoad>
							<OnEnter>
								GameTooltip:SetOwner(self, "ANCHOR_TOPRIGHT");
								GameTooltip_AddNewbieTip(self, FQ_OPT_NOTIFYNEARBY_TITLE, 1.0, 1.0, 1.0, FQ_OPT_NOTIFYNEARBY_TIP, 1);
							</OnEnter>
							<OnLeave>
								GameTooltip:Hide();
							</OnLeave>
							<OnClick>
								if ( self:GetChecked() ) then
									PlaySound("igMainMenuOptionCheckBoxOn");
								else
									PlaySound("igMainMenuOptionCheckBoxOff");
								end
								FastQuest_Toggle_NotifyNearby();
							</OnClick>
						</Scripts>
					</CheckButton>
					<CheckButton name="FQOptionsNotifyParty" inherits="OptionsCheckButtonTemplate">
						<Anchors>
							<Anchor point="TOP" relativeTo="FQOptionsNotifyNearby" relativePoint="BOTTOM">
								<Offset>
									<AbsDimension x="0" y="0"/>
								</Offset>
							</Anchor>
						</Anchors>
						<Size>
							<AbsDimension x="26" y="26"/>
						</Size>
						<Scripts>
							<OnLoad>
								getglobal(self:GetName().."Text"):SetText(FQ_OPT_NOTIFYPARTY_TITLE);
							</OnLoad>
							<OnEnter>
								GameTooltip:SetOwner(self, "ANCHOR_TOPRIGHT");
								GameTooltip_AddNewbieTip(self, FQ_OPT_NOTIFYPARTY_TITLE, 1.0, 1.0, 1.0, FQ_OPT_NOTIFYPARTY_TIP, 1);
							</OnEnter>
							<OnLeave>
								GameTooltip:Hide();
							</OnLeave>
							<OnClick>
								if ( self:GetChecked() ) then
									PlaySound("igMainMenuOptionCheckBoxOn");
								else
									PlaySound("igMainMenuOptionCheckBoxOff");
								end
								FastQuest_Toggle_NotifyParty();
							</OnClick>
						</Scripts>
					</CheckButton>
					<CheckButton name="FQOptionsNotifyRaid" inherits="OptionsCheckButtonTemplate">
						<Anchors>
							<Anchor point="TOP" relativeTo="FQOptionsNotifyParty" relativePoint="BOTTOM">
								<Offset>
									<AbsDimension x="0" y="0"/>
								</Offset>
							</Anchor>
						</Anchors>
						<Size>
							<AbsDimension x="26" y="26"/>
						</Size>
						<Scripts>
							<OnLoad>
								getglobal(self:GetName().."Text"):SetText(FQ_OPT_NOTIFYRAID_TITLE);
							</OnLoad>
							<OnEnter>
								GameTooltip:SetOwner(self, "ANCHOR_TOPRIGHT");
								GameTooltip_AddNewbieTip(self, FQ_OPT_NOTIFYRAID_TITLE, 1.0, 1.0, 1.0, FQ_OPT_NOTIFYRAID_TIP, 1);
							</OnEnter>
							<OnLeave>
								GameTooltip:Hide();
							</OnLeave>
							<OnClick>
								if ( self:GetChecked() ) then
									PlaySound("igMainMenuOptionCheckBoxOn");
								else
									PlaySound("igMainMenuOptionCheckBoxOff");
								end
								FastQuest_Toggle_NotifyRaid();
							</OnClick>
						</Scripts>
					</CheckButton>
					<CheckButton name="FQOptionsNotifyGuild" inherits="OptionsCheckButtonTemplate">
						<Anchors>
							<Anchor point="TOP" relativeTo="FQOptionsNotifyRaid" relativePoint="BOTTOM">
								<Offset>
									<AbsDimension x="0" y="0"/>
								</Offset>
							</Anchor>
						</Anchors>
						<Size>
							<AbsDimension x="26" y="26"/>
						</Size>
						<Scripts>
							<OnLoad>
								getglobal(self:GetName().."Text"):SetText(FQ_OPT_NOTIFYGUILD_TITLE);
							</OnLoad>
							<OnEnter>
								GameTooltip:SetOwner(self, "ANCHOR_TOPRIGHT");
								GameTooltip_AddNewbieTip(self, FQ_OPT_NOTIFYGUILD_TITLE, 1.0, 1.0, 1.0, FQ_OPT_NOTIFYGUILD_TIP, 1);
							</OnEnter>
							<OnLeave>
								GameTooltip:Hide();
							</OnLeave>
							<OnClick>
								if ( self:GetChecked() ) then
									PlaySound("igMainMenuOptionCheckBoxOn");
								else
									PlaySound("igMainMenuOptionCheckBoxOff");
								end
								FastQuest_Toggle_NotifyGuild();
							</OnClick>
						</Scripts>
					</CheckButton>
					<CheckButton name="FQOptionsNotifyDetail" inherits="OptionsCheckButtonTemplate">
						<Anchors>
							<Anchor point="TOP" relativeTo="FQOptionsNotifyGuild" relativePoint="BOTTOM">
								<Offset>
									<AbsDimension x="-15" y="0"/>
								</Offset>
							</Anchor>
						</Anchors>
						<Size>
							<AbsDimension x="26" y="26"/>
						</Size>
						<Scripts>
							<OnLoad>
								getglobal(self:GetName().."Text"):SetText(FQ_OPT_NOTIFYDETAIL_TITLE);
							</OnLoad>
							<OnEnter>
								GameTooltip:SetOwner(self, "ANCHOR_TOPRIGHT");
								GameTooltip_AddNewbieTip(self, FQ_OPT_NOTIFYDETAIL_TITLE, 1.0, 1.0, 1.0, FQ_OPT_NOTIFYDETAIL_TIP, 1);
							</OnEnter>
							<OnLeave>
								GameTooltip:Hide();
							</OnLeave>
							<OnClick>
								if ( self:GetChecked() ) then
									PlaySound("igMainMenuOptionCheckBoxOn");
								else
									PlaySound("igMainMenuOptionCheckBoxOff");
								end
								FastQuest_Toggle_NotifyDetails();
							</OnClick>
						</Scripts>
					</CheckButton>
					<CheckButton name="FQOptionsNotifyExpGain" inherits="OptionsCheckButtonTemplate">
						<Anchors>
							<Anchor point="TOP" relativeTo="FQOptionsNotifyDetail" relativePoint="BOTTOM">
								<Offset>
									<AbsDimension x="0" y="0"/>
								</Offset>
							</Anchor>
						</Anchors>
						<Size>
							<AbsDimension x="26" y="26"/>
						</Size>
						<Scripts>
							<OnLoad>
								getglobal(self:GetName().."Text"):SetText(FQ_OPT_NOTIFYEXP_TITLE);
							</OnLoad>
							<OnEnter>
								GameTooltip:SetOwner(self, "ANCHOR_TOPRIGHT");
								GameTooltip_AddNewbieTip(self, FQ_OPT_NOTIFYEXP_TITLE, 1.0, 1.0, 1.0, FQ_OPT_NOTIFYEXP_TIP, 1);
							</OnEnter>
							<OnLeave>
								GameTooltip:Hide();
							</OnLeave>
							<OnClick>
								if ( self:GetChecked() ) then
									PlaySound("igMainMenuOptionCheckBoxOn");
								else
									PlaySound("igMainMenuOptionCheckBoxOff");
								end
								FastQuest_Toggle_NotifyExp();
							</OnClick>
						</Scripts>
					</CheckButton>
					<CheckButton name="FQOptionsNotifyDiscover" inherits="OptionsCheckButtonTemplate">
						<Anchors>
							<Anchor point="TOP" relativeTo="FQOptionsNotifyExpGain" relativePoint="BOTTOM">
								<Offset>
									<AbsDimension x="0" y="0"/>
								</Offset>
							</Anchor>
						</Anchors>
						<Size>
							<AbsDimension x="26" y="26"/>
						</Size>
						<Scripts>
							<OnLoad>
								getglobal(self:GetName().."Text"):SetText(FQ_OPT_NOTIFYZONE_TITLE);
							</OnLoad>
							<OnEnter>
								GameTooltip:SetOwner(self, "ANCHOR_TOPRIGHT");
								GameTooltip_AddNewbieTip(self, FQ_OPT_NOTIFYZONE_TITLE, 1.0, 1.0, 1.0, FQ_OPT_NOTIFYZONE_TIP, 1);
							</OnEnter>
							<OnLeave>
								GameTooltip:Hide();
							</OnLeave>
							<OnClick>
								if ( self:GetChecked() ) then
									PlaySound("igMainMenuOptionCheckBoxOn");
								else
									PlaySound("igMainMenuOptionCheckBoxOff");
								end
								FastQuest_Toggle_NotifyDiscover();
							</OnClick>
						</Scripts>
					</CheckButton>
					<CheckButton name="FQOptionsNotifyLevelUp" inherits="OptionsCheckButtonTemplate">
						<Anchors>
							<Anchor point="TOP" relativeTo="FQOptionsNotifyDiscover" relativePoint="BOTTOM">
								<Offset>
									<AbsDimension x="0" y="0"/>
								</Offset>
							</Anchor>
						</Anchors>
						<Size>
							<AbsDimension x="26" y="26"/>
						</Size>
						<Scripts>
							<OnLoad>
								getglobal(self:GetName().."Text"):SetText(FQ_OPT_NOTIFYLEVELUP_TITLE);
							</OnLoad>
							<OnEnter>
								GameTooltip:SetOwner(self, "ANCHOR_TOPRIGHT");
								GameTooltip_AddNewbieTip(self, FQ_OPT_NOTIFYLEVELUP_TITLE, 1.0, 1.0, 1.0, FQ_OPT_NOTIFYLEVELUP_TIP, 1);
							</OnEnter>
							<OnLeave>
								GameTooltip:Hide();
							</OnLeave>
							<OnClick>
								if ( self:GetChecked() ) then
									PlaySound("igMainMenuOptionCheckBoxOn");
								else
									PlaySound("igMainMenuOptionCheckBoxOff");
								end
								FastQuest_Toggle_NotifyLevelUp();
							</OnClick>
						</Scripts>
					</CheckButton>
				</Frames>
				<Scripts>
					<OnLoad>
						self:SetBackdropBorderColor(0.4, 0.4, 0.4);
						self:SetBackdropColor(0.15, 0.15, 0.15);
						getglobal(self:GetName().."Title"):SetText(FQ_OPT_FRM_NOTIFY_TITLE);
					</OnLoad>
				</Scripts>
			</Frame>
			<Frame name="FastQuestDisplayFormat" inherits="FQ_OptionFrameBoxTemplate">
				<Size>
					<AbsDimension x="300" y="80"/>
				</Size>
				<Anchors>
					<Anchor point="TOPLEFT" relativeTo="FastQuestNotifyFrame" relativePoint="BOTTOMLEFT">
						<Offset>
							<AbsDimension x="0" y="-16"/>
						</Offset>
					</Anchor>
				</Anchors>
<!--
				<Layers>
					<Layer>
						<FontString inherits="GameFontNormalSmall" text="FQ_OPT_FRM_QUESTFORMAT_TITLE">
							<Anchors>
								<Anchor point="TOPLEFT" relativeTo="FastQuestDisplayFormat">
									<Offset>
										<AbsDimension x="0" y="4"/>
									</Offset>
								</Anchor>
							</Anchors>
						</FontString>
					</Layer>
				</Layers>
-->
				<Frames>
					<Slider name="FQOptionsQuestFormat" enableMouse="true" minValue="1" maxValue="4" defaultValue="0" valueStep="1" orientation="HORIZONTAL">
						<Size>
							<AbsDimension x="80" y="16"/>
						</Size>
						<Anchors>
							<Anchor point="TOPLEFT">
								<Offset>
									<AbsDimension x="12" y="-40"/>
								</Offset>
							</Anchor>
						</Anchors>
						<Backdrop bgFile="Interface\Buttons\UI-SliderBar-Background" edgeFile="Interface\Buttons\UI-SliderBar-Border" tile="true">
							<BackgroundInsets>
								<AbsInset left="3" right="3" top="6" bottom="6" />
							</BackgroundInsets>
							<TileSize>
								<AbsValue val="8" />
							</TileSize>
							<EdgeSize>
								<AbsValue val="8" />
							</EdgeSize>
						</Backdrop>
						<ThumbTexture name="$parentThumb" file="Interface\Buttons\UI-SliderBar-Button-Horizontal">
							<Size>
								<AbsDimension x="26" y="26" />
							</Size>
						</ThumbTexture>
						<Layers>
							<Layer>
								<FontString name="FQOptionsQuestFormatTitle" inherits="GameFontNormalSmall" text="FQ_OPT_QUESTFORMAT_TITLE">
									<Anchors>
										<Anchor point="LEFT" relativePoint="BOTTOM">
											<Offset>
												<AbsDimension x="-40" y="32"/>
											</Offset>
										</Anchor>
									</Anchors>
								</FontString>
								<FontString name="FQOptionsQuestFormatValue" inherits="GameFontWhite" text="">
									<Anchors>
										<Anchor point="LEFT" relativePoint="RIGHT">
											<Offset>
												<AbsDimension x="10" y="0"/>
											</Offset>
										</Anchor>
									</Anchors>
									<FontHeight>
										<AbsValue val="10" />
									</FontHeight>
								</FontString>
							</Layer>
						</Layers>
						<Scripts>
							<OnUpdate>
								local options = {
									FQ_Formats[1],
									FQ_Formats[2],
									FQ_Formats[3],
									FQ_Formats[4],
								};
								getglobal(self:GetName().."Value"):SetText(options[self:GetValue()]);
							</OnUpdate>
							<OnEnter>
								GameTooltip:SetOwner(self, "ANCHOR_TOPRIGHT");
								GameTooltip_AddNewbieTip(self, FQ_OPT_QUESTFORMAT_TITLE, 1.0, 1.0, 1.0, FQ_OPT_QUESTFORMAT_TIP, 1);
							</OnEnter>
							<OnLeave>
								GameTooltip:Hide();
							</OnLeave>
						</Scripts>
					</Slider>
				</Frames>
				<Scripts>
					<OnLoad>
						self:SetBackdropBorderColor(0.4, 0.4, 0.4);
						self:SetBackdropColor(0.15, 0.15, 0.15);
						getglobal(self:GetName().."Title"):SetText(FQ_OPT_FRM_QUESTFORMAT_TITLE);
					</OnLoad>
				</Scripts>
			</Frame>
			<Frame name="FQMiscOptionsFrame" inherits="FQ_OptionFrameBoxTemplate">
				<Size>
					<AbsDimension x="300" y="340"/>
				</Size>
				<Anchors>
					<Anchor point="TOPLEFT" relativeTo="FastQuestNotifyFrame" relativePoint="TOPRIGHT">
						<Offset>
							<AbsDimension x="0" y="0"/>
						</Offset>
					</Anchor>
				</Anchors>
<!--
				<Layers>
					<Layer>
						<FontString inherits="GameFontNormalSmall" text="FQ_OPT_FRM_MISC_TITLE">
							<Anchors>
								<Anchor point="TOPLEFT" relativeTo="FQMiscOptionsFrame">
									<Offset>
										<AbsDimension x="0" y="4"/>
									</Offset>
								</Anchor>
							</Anchors>
						</FontString>
					</Layer>
				</Layers>
-->
<!--
				<Layers>
					<Layer level="ARTWORK">
						<FontString name="FQMiscOptionsTitle" inherits="GameFontNormalSmall" text="FQ_OPT_QUESTLOGOPTIONS_TITLE">
							<Anchors>
								<Anchor point="TOPLEFT">
									<Offset>
										<AbsDimension x="12" y="-12"/>
									</Offset>
								</Anchor>
							</Anchors>
						</FontString>
					</Layer>
				</Layers>
-->

				<Frames>
<!--
					<CheckButton name="FQOptionsEnableColor" inherits="OptionsCheckButtonTemplate">
						<Anchors>
							<Anchor point="TOPLEFT">
								<Offset>
									<AbsDimension x="30" y="-32"/>
								</Offset>
							</Anchor>
						</Anchors>
						<Size>
							<AbsDimension x="26" y="26"/>
						</Size>
						<Scripts>
							<OnLoad>
								getglobal(self:GetName().."Text"):SetText(FQ_OPT_COLOR_TITLE);
							</OnLoad>
							<OnEnter>
								GameTooltip:SetOwner(self, "ANCHOR_TOPRIGHT");
								GameTooltip_AddNewbieTip(self, FQ_OPT_COLOR_TITLE, 1.0, 1.0, 1.0, FQ_OPT_COLOR_TIP, 1);
							</OnEnter>
							<OnLeave>
								GameTooltip:Hide();
							</OnLeave>
							<OnClick>
								if ( self:GetChecked() ) then
									PlaySound("igMainMenuOptionCheckBoxOn");
								else
									PlaySound("igMainMenuOptionCheckBoxOff");
								end
								FastQuest_Toggle_Color();
							</OnClick>
						</Scripts>
					</CheckButton>
					<CheckButton name="FQOptionsMemberInfo" inherits="OptionsCheckButtonTemplate">
						<Anchors>
							<Anchor point="TOP" relativePoint="BOTTOM" relativeTo="FQOptionsEnableColor">
								<Offset>
									<AbsDimension x="0" y="0"/>
								</Offset>
							</Anchor>
						</Anchors>
						<Size>
							<AbsDimension x="26" y="26"/>
						</Size>
						<Scripts>
							<OnLoad>
								getglobal(self:GetName().."Text"):SetText(FQ_OPT_MEMBERINFO_TITLE);
							</OnLoad>
							<OnEnter>
								GameTooltip:SetOwner(self, "ANCHOR_TOPRIGHT");
								GameTooltip_AddNewbieTip(self, FQ_OPT_MEMBERINFO_TITLE, 1.0, 1.0, 1.0, FQ_OPT_MEMBERINFO_TIP, 1);
							</OnEnter>
							<OnLeave>
								GameTooltip:Hide();
							</OnLeave>
							<OnClick>
								if ( self:GetChecked() ) then
									PlaySound("igMainMenuOptionCheckBoxOn");
								else
									PlaySound("igMainMenuOptionCheckBoxOff");
								end
								FastQuest_Toggle_MemberInfo();
							</OnClick>
						</Scripts>
					</CheckButton>
					<CheckButton name="FQOptionsShowTag" inherits="OptionsCheckButtonTemplate">
						<Anchors>
							<Anchor point="TOP" relativePoint="BOTTOM" relativeTo="FQOptionsMemberInfo">
								<Offset>
									<AbsDimension x="0" y="0"/>
								</Offset>
							</Anchor>
						</Anchors>
						<Size>
							<AbsDimension x="26" y="26"/>
						</Size>
						<Scripts>
							<OnLoad>
								getglobal(self:GetName().."Text"):SetText(FQ_OPT_SHOWTYPE_TITLE);
							</OnLoad>
							<OnEnter>
								GameTooltip:SetOwner(self, "ANCHOR_TOPRIGHT");
								GameTooltip_AddNewbieTip(self, FQ_OPT_SHOWTYPE_TITLE, 1.0, 1.0, 1.0, FQ_OPT_SHOWTYPE_TIP, 1);
							</OnEnter>
							<OnLeave>
								GameTooltip:Hide();
							</OnLeave>
							<OnClick>
								if ( self:GetChecked() ) then
									PlaySound("igMainMenuOptionCheckBoxOn");
								else
									PlaySound("igMainMenuOptionCheckBoxOff");
								end
								FastQuest_Toggle_Tag();
							</OnClick>
						</Scripts>
					</CheckButton>
-->
					<!--					<CheckButton name="FQOptionsNoDrag" inherits="OptionsCheckButtonTemplate">
					<Anchors>
					<Anchor point="TOP" relativePoint="BOTTOM" relativeTo="FQOptionsShowTag">
					<Offset>
					<AbsDimension x="-18" y="0"/>
					</Offset>
					</Anchor>
					</Anchors>
					<Scripts>
					<OnLoad>
					getglobal(self:GetName().."Text"):SetText(FQ_OPT_NODRAG_TITLE);
					</OnLoad>
					<OnEnter>
					GameTooltip:SetOwner(self, "ANCHOR_TOPRIGHT");
					GameTooltip_AddNewbieTip(self, FQ_OPT_NODRAG_TITLE, 1.0, 1.0, 1.0, FQ_OPT_NODRAG_TIP, 1);
					</OnEnter>
					<OnLeave>
					GameTooltip:Hide();
					</OnLeave>
					<OnClick>
					if ( self:GetChecked() ) then
						PlaySound("igMainMenuOptionCheckBoxOn");
					else
						PlaySound("igMainMenuOptionCheckBoxOff");
					end
					FastQuest_Toggle_Nodrag();
					</OnClick>
					</Scripts>
					</CheckButton>
					-->
<!--
					<CheckButton name="FQOptionsLock" inherits="OptionsCheckButtonTemplate">
						<Anchors>
							<Anchor point="TOP" relativePoint="BOTTOM" relativeTo="FQOptionsShowTag">
								<Offset>
									<AbsDimension x="-18" y="0"/>
								</Offset>
							</Anchor>
						</Anchors>
						<Scripts>
							<OnLoad>
								getglobal(self:GetName().."Text"):SetText(FQ_OPT_LOCK_TITLE);
							</OnLoad>
							<OnEnter>
								GameTooltip:SetOwner(self, "ANCHOR_TOPRIGHT");
								GameTooltip_AddNewbieTip(self, FQ_OPT_LOCK_TITLE, 1.0, 1.0, 1.0, FQ_OPT_LOCK_TIP, 1);
							</OnEnter>
							<OnLeave>
								GameTooltip:Hide();
							</OnLeave>
							<OnClick>
								if ( self:GetChecked() ) then
									PlaySound("igMainMenuOptionCheckBoxOn");
								else
									PlaySound("igMainMenuOptionCheckBoxOff");
								end
								if (FQD.Lock == true) then
									FastQuest_Toggle_Unlock();
								else
									FastQuest_Toggle_Lock();
								end
							</OnClick>
						</Scripts>
					</CheckButton>
-->
					<CheckButton name="FQOptionsAutoAdd" inherits="OptionsCheckButtonTemplate">
						<Anchors>
							<Anchor point="TOPLEFT">
								<Offset>
									<AbsDimension x="12" y="-12"/>
								</Offset>
							</Anchor>
						</Anchors>
						<Scripts>
							<OnLoad>
								getglobal(self:GetName().."Text"):SetText(FQ_OPT_AUTOADD_TITLE);
							</OnLoad>
							<OnEnter>
								GameTooltip:SetOwner(self, "ANCHOR_TOPRIGHT");
								GameTooltip_AddNewbieTip(self, FQ_OPT_AUTOADD_TITLE, 1.0, 1.0, 1.0, FQ_OPT_AUTOADD_TIP, 1);
							</OnEnter>
							<OnLeave>
								GameTooltip:Hide();
							</OnLeave>
							<OnClick>
								if ( self:GetChecked() ) then
									PlaySound("igMainMenuOptionCheckBoxOn");
								else
									PlaySound("igMainMenuOptionCheckBoxOff");
								end
								FastQuest_Toggle_AutoAdd();
							</OnClick>
						</Scripts>
					</CheckButton>
					<CheckButton name="FQOptionsAutoComplete" inherits="OptionsCheckButtonTemplate">
						<Anchors>
							<Anchor point="TOP" relativePoint="BOTTOM" relativeTo="FQOptionsAutoAdd">
								<Offset>
									<AbsDimension x="0" y="0"/>
								</Offset>
							</Anchor>
						</Anchors>
						<Scripts>
							<OnLoad>
								getglobal(self:GetName().."Text"):SetText(FQ_OPT_AUTOCOMPLETE_TITLE);
							</OnLoad>
							<OnEnter>
								GameTooltip:SetOwner(self, "ANCHOR_TOPRIGHT");
								GameTooltip_AddNewbieTip(self, FQ_OPT_AUTOCOMPLETE_TITLE, 1.0, 1.0, 1.0, FQ_OPT_AUTOCOMPLETE_TIP);
							</OnEnter>
							<OnLeave>
								GameTooltip:Hide();
							</OnLeave>
							<OnClick>
								if ( self:GetChecked() ) then
									PlaySound("igMainMenuOptionCheckBoxOn");
								else
									PlaySound("igMainMenuOptionCheckBoxOff");
								end
								FastQuest_Toggle_AutoComplete();
							</OnClick>
						</Scripts>
					</CheckButton>
					<CheckButton name="FQOptionsShowMiniMap" inherits="OptionsCheckButtonTemplate">
						<Anchors>
							<Anchor point="TOP" relativePoint="BOTTOM" relativeTo="FQOptionsAutoComplete">
								<Offset>
									<AbsDimension x="0" y="0"/>
								</Offset>
							</Anchor>
						</Anchors>
						<Scripts>
							<OnLoad>
								getglobal(self:GetName().."Text"):SetText(FQ_OPT_SHOWMINIMAP_TITLE);
							</OnLoad>
							<OnEnter>
								GameTooltip:SetOwner(self, "ANCHOR_TOPRIGHT");
								GameTooltip_AddNewbieTip(self, FQ_OPT_SHOWMINIMAP_TITLE, 1.0, 1.0, 1.0, FQ_OPT_SHOWMINIMAP_TIP);
							</OnEnter>
							<OnLeave>
								GameTooltip:Hide();
							</OnLeave>
							<OnClick>
								if ( self:GetChecked() ) then
									PlaySound("igMainMenuOptionCheckBoxOn");
								else
									PlaySound("igMainMenuOptionCheckBoxOff");
								end
								FastQuest_Toggle_ShowMiniMap();
							</OnClick>
						</Scripts>
					</CheckButton>
					<Slider name="FQOptionsSliderButtonPos" inherits="OptionsSliderTemplate">
						<Size>
							<AbsDimension x="200" y="16"/>
						</Size>
						<Anchors>
							<Anchor point="TOP" relativePoint="BOTTOMLEFT" relativeTo="FQOptionsShowMiniMap">
								<Offset>
									<AbsDimension x="140" y="-16" />
								</Offset>
							</Anchor>
						</Anchors>
						<Scripts>
							<OnLoad>
								getglobal(self:GetName().."High"):SetText();
								getglobal(self:GetName().."Low"):SetText();
								getglobal(self:GetName().."Text"):SetText("|cffffd200"..FQ_OPT_MINIMAP_POSITION_TITLE);
								FQOptionsSliderButtonPos:SetMinMaxValues(0,360);
								FQOptionsSliderButtonPos:SetValueStep(1);
							</OnLoad>
							<OnValueChanged>
								FQD.ButtonPos = FQOptionsSliderButtonPos:GetValue();
								FastQuest_Toggle_UpdatePosition();
							</OnValueChanged>
						</Scripts>
					</Slider>
				</Frames>
				<Scripts>
					<OnLoad>
						self:SetBackdropBorderColor(0.4, 0.4, 0.4);
						self:SetBackdropColor(0.15, 0.15, 0.15);
						getglobal(self:GetName().."Title"):SetText(FQ_OPT_FRM_MISC_TITLE);
					</OnLoad>
				</Scripts>
			</Frame>
			<Button name="FastQuestOptionsFrameOK" inherits="OptionsButtonTemplate" text="OK">
				<Anchors>
					<Anchor point="BOTTOMRIGHT">
						<Offset>
							<AbsDimension x="-12" y="16"/>
						</Offset>
					</Anchor>
				</Anchors>
				<Scripts>
					<OnClick>
						PlaySound("gsTitleOptionExit");
						FastQuest_Options_Save();
						HideUIPanel(FastQuestOptionsFrame);
					</OnClick>
				</Scripts>
			</Button>
		</Frames>
		<Scripts>
			<OnLoad>
				FastQuest_Options_OnLoad(self);
				tinsert(UISpecialFrames,"FastQuestOptionsFrame");
			</OnLoad>
			<OnMouseDown>
				if ( arg1 == "LeftButton" ) then
					self:StartMoving()
					self.isMoving = true
				end
			</OnMouseDown>
			<OnMouseUp>
				if (self.isMoving) then
					self:StopMovingOrSizing()
					self.isMoving = false
				end
			</OnMouseUp>
			<OnShow>
				PlaySound("igCharacterInfoOpen");
			</OnShow>
			<OnHide>
				PlaySound("igCharacterInfoClose");
				if (self.isMoving) then
					self:StopMovingOrSizing()
					self.isMoving = false
				end
			</OnHide>
		</Scripts>
	</Frame>
</Ui>