﻿<Ui xmlns="http://www.blizzard.com/wow/ui/" xmlns:xsi="http://www.w3.org/2001/XMLSchema-instance" xsi:schemaLocation="http://www.blizzard.com/wow/ui/
..\FrameXML\UI.xsd">
<Script file="SDDuelDecline.lua"/>  
   <Frame name="SDDuelDecline" parent="UIParent" frameStrata="DIALOG">
	 <Scripts>
	   <OnLoad>
         SDDuelDecline_OnLoad(self)         
	   </OnLoad>
       <OnEvent>
		 SDDuelDecline_OnEvent(event, ...)					
	   </OnEvent>
       <OnUpdate>
         SDDuelDecline_OnUpdate(arg1)
       </OnUpdate>
	 </Scripts>
   </Frame>
   
   <Frame name="InterfaceOptionsSDDuelDeclinePanel" hidden="true" parent="InterfaceOptionsFramePanelContainer">
    <Layers>
      <Layer level="ARTWORK">
      	<Frames>			
		</Frames>
        <FontString name="SDDDXMLDescription" text="SDDDID" justifyH="LEFT" justifyV="TOP" inherits="GameFontNormalLarge">
          <Anchors>
            <Anchor point="TOPLEFT">
              <Offset>
                <AbsDimension x="16" y="-16"/>
              </Offset>
            </Anchor>
          </Anchors>
        </FontString>
        <FontString name="SDDDXMLSubDecscription" text="SDDDOD" justifyH="LEFT" justifyV="TOP" inherits="GameFontHighlightSmall">
          <Anchors>
            <Anchor point="TOPLEFT" relativeTo="SDDDXMLDescription" relativePoint="BOTTOMLEFT">
              <Offset>
                <AbsDimension x="0" y="0"/>
              </Offset>
            </Anchor>
          </Anchors>
        </FontString>
        <FontString name="SDDDXMLEnable" text="SDDDEN" justifyH="LEFT" justifyV="TOP" inherits="GameFontHighlightLarge">
          <Anchors>
            <Anchor point="TOPLEFT" relativeTo="SDDDXMLDescription" relativePoint="BOTTOMLEFT">
              <Offset>
                <AbsDimension x="24" y="-35"/>
              </Offset>
            </Anchor>
          </Anchors>
        </FontString>
        <FontString name="SDDDXMLAutoReport" text="SDDDAR" justifyH="LEFT" justifyV="TOP" inherits="GameFontHighlightMedium">
          <Anchors>
            <Anchor point="TOPLEFT" relativeTo="SDDDXMLDescription" relativePoint="BOTTOMLEFT">
              <Offset>
                <AbsDimension x="34" y="-120"/>
              </Offset>
            </Anchor>
          </Anchors>
        </FontString>
        <FontString name="SDDDXMLAutoBlock" text="SDDDBW" justifyH="LEFT" justifyV="TOP" inherits="GameFontHighlightMedium">
          <Anchors>
            <Anchor point="TOPLEFT" relativeTo="SDDDXMLDescription" relativePoint="BOTTOMLEFT">
              <Offset>
                <AbsDimension x="34" y="-190"/>
              </Offset>
            </Anchor>
          </Anchors>
        </FontString>
        <FontString name="SDDDXMLBlockTime" text="SDDDBT" justifyH="LEFT" justifyV="TOP" inherits="GameFontHighlightMedium">
          <Anchors>
            <Anchor point="TOPLEFT" relativeTo="SDDDXMLDescription" relativePoint="BOTTOMLEFT">
              <Offset>
                <AbsDimension x="58" y="-245"/>
              </Offset>
            </Anchor>
          </Anchors>
        </FontString>
        <FontString name="SDDDXMLBlockWhisp" justifyH="LEFT" justifyV="TOP" inherits="GameFontHighlightSmall">
          <Anchors>
            <Anchor point="TOPLEFT" relativeTo="SDDDXMLDescription" relativePoint="BOTTOMLEFT">
              <Offset>
                <AbsDimension x="53" y="-262"/>
              </Offset>
            </Anchor>
          </Anchors>
        </FontString>        
        <FontString name="SDDDXMLAutoHide" text="SDDDAH" justifyH="LEFT" justifyV="TOP" inherits="GameFontHighlightMedium">
          <Anchors>
            <Anchor point="TOPLEFT" relativeTo="SDDDXMLDescription" relativePoint="BOTTOMLEFT">
              <Offset>
                <AbsDimension x="34" y="-310"/>
              </Offset>
            </Anchor>
          </Anchors>
        </FontString>        
      </Layer>
    </Layers>
    <Frames>      
      <CheckButton name="EnableCheckBox" inherits="InterfaceOptionsCheckButtonTemplate">
	    <Anchors>
		  <Anchor point="TOPLEFT" relativeTo="SDDDXMLDescription" relativePoint="BOTTOMLEFT">
			<Offset>
			  <AbsDimension x="0" y="-30"/>
			</Offset>
	      </Anchor>
		</Anchors>
		<Scripts>
		  <OnClick>
            if (this:GetChecked()) then SDDDToggle = true
			  else SDDDToggle = false
            end
		  </OnClick>
          <OnShow>
				this:SetChecked(SDDDToggle)
		  </OnShow>
          <OnLoad>
          BlizzardOptionsPanel_RegisterControl(self, self:GetParent())
          </OnLoad>
		</Scripts>
      </CheckButton>
      <CheckButton name="AutoReportCheckBox" inherits="InterfaceOptionsCheckButtonTemplate">
		<Anchors>
		  <Anchor point="TOPLEFT" relativeTo="SDDDXMLDescription" relativePoint="BOTTOMLEFT">
			<Offset>
			  <AbsDimension x="10" y="-116"/>
			</Offset>
		  </Anchor>
		</Anchors>
		<Scripts>
		  <OnClick>
            if (this:GetChecked()) then SDDDAutoReport = true
			  else SDDDAutoReport = false
            end
		  </OnClick>
          <OnShow>
				this:SetChecked(SDDDAutoReport)
		  </OnShow>
          <OnLoad>
          BlizzardOptionsPanel_RegisterControl(self, self:GetParent())
          </OnLoad>
		</Scripts>
	  </CheckButton>
      <CheckButton name="AutoBlockCheckBox" inherits="InterfaceOptionsCheckButtonTemplate">
		<Anchors>
		  <Anchor point="TOPLEFT" relativeTo="SDDDXMLDescription" relativePoint="BOTTOMLEFT">
			<Offset>
			  <AbsDimension x="10" y="-186"/>
			</Offset>
		  </Anchor>
		</Anchors>
		<Scripts>
		  <OnClick>
            if (this:GetChecked()) then SDDDAutoBlock = true
			  else SDDDAutoBlock = false
            end
		  </OnClick>
          <OnShow>
				this:SetChecked(SDDDAutoBlock)
		  </OnShow>     
          <OnLoad>
          BlizzardOptionsPanel_RegisterControl(self, self:GetParent())
          </OnLoad>
		</Scripts>
	  </CheckButton>
      <CheckButton name="AutoHideCheckBox" inherits="InterfaceOptionsCheckButtonTemplate">
		<Anchors>
		  <Anchor point="TOPLEFT" relativeTo="SDDDXMLDescription" relativePoint="BOTTOMLEFT">
			<Offset>
			  <AbsDimension x="10" y="-305"/>
			</Offset>
		  </Anchor>
		</Anchors>
		<Scripts>
          <OnClick>
            if (this:GetChecked()) then SDDDAutoHide = true
			  else SDDDAutoHide = false
            end
		  </OnClick>
          <OnShow>
				this:SetChecked(SDDDAutoHide)
		  </OnShow>
          <OnLoad>
          BlizzardOptionsPanel_RegisterControl(self, self:GetParent())
          </OnLoad>
		</Scripts>
	  </CheckButton>
    <EditBox name="SDDDXMLBlockTimeEditBox" numeric="true" letters="4">
	  <Size>
		<AbsDimension x="36" y="28"/>
	  </Size>
	<Anchors>
		<Anchor point="TOPLEFT" relativeTo="SDDDXMLDescription" relativePoint="BOTTOMLEFT">
			<Offset>
				<AbsDimension x="20" y="-239"/>
			</Offset>
		</Anchor>       
	</Anchors>
     <Scripts>        
        <OnEnterPressed>
          SDDDBlockLength = this:GetText()         
          this:SetText("")
          BlizzardOptionsPanel_RegisterControl(self, self:GetParent())
        </OnEnterPressed>
        <OnHide>
          SDDDBlockLength = this:GetText()         
          this:SetText("")
          BlizzardOptionsPanel_RegisterControl(self, self:GetParent())
        </OnHide>
	</Scripts>
	<Backdrop bgFile="Interface\Buttons\UI-SliderBar-Background" edgeFile="Interface\Buttons\UI-SliderBar-Border" tile="true">
      <BackgroundInsets>
         <AbsInset left="3" right="3" top="6" bottom="6"/>
      </BackgroundInsets>
      <TileSize>
        <AbsValue val="8" />
      </TileSize>
      <EdgeSize>
        <AbsValue val="8" />
      </EdgeSize>
    </Backdrop>
	<FontString inherits="ChatFontNormal"/>
  </EditBox>    
    </Frames>
    <Scripts>
      <OnLoad>        
        SDDuelDeclineOptionsFrame_OnLoad(self)
      </OnLoad>      
    </Scripts>  
  </Frame>
</Ui>