﻿<Ui xmlns="http://www.blizzard.com/wow/ui" xmlns:xsi="http://www.w3.org/2001/XMLSchema-instance"> 
  <Frame name="SDDuelDeclineReport" hidden="true">   
    <Size>
      <AbsDimension x="265" y="223"/>
    </Size>
    <Anchors>
      <Anchor point="CENTER" relativeTo="UIParent">
        <Offset>
          <AbsDimension x="0" y="0"/>
        </Offset>
      </Anchor>
    </Anchors>
    <TitleRegion setAllPoints="true"/>
    <Backdrop bgFile="Interface\DialogFrame\UI-DialogBox-Background" edgeFile="Interface\DialogFrame\UI-DialogBox-Border" tile="true">
      <BackgroundInsets>
        <AbsInset left="11" right="12" top="12" bottom="11"/>
      </BackgroundInsets>
      <TileSize>
        <AbsValue val="32"/>
      </TileSize>
      <EdgeSize>
        <AbsValue val="32"/>
      </EdgeSize>
    </Backdrop>
    <Frames>
      <Button name="$parentButton2" text="Mercy">
       <Size>
          <AbsDimension x="100" y="22"/>
        </Size>
        <Anchors>
          <Anchor point="TOPLEFT">
            <Offset>
              <AbsDimension x="144" y="-183"/>
            </Offset>
          </Anchor>
        </Anchors>
        <Scripts>
          <OnClick>            
            SDDDDuelDecline_Merciful()           
          </OnClick>
        </Scripts>
        <NormalTexture file="Interface\Buttons\UI-Panel-Button-Up">
          <TexCoords left="0" right="0.625" top="0" bottom="0.6875" />
        </NormalTexture>
        <PushedTexture file="Interface\Buttons\UI-Panel-Button-Down">
          <TexCoords left="0" right="0.625" top="0" bottom="0.6875" />
        </PushedTexture>
        <DisabledTexture file="Interface\Buttons\UI-Panel-Button-Disabled">
          <TexCoords left="0" right="0.625" top="0" bottom="0.6875" />
        </DisabledTexture>
        <HighlightTexture file="Interface\Buttons\UI-Panel-Button-Highlight" alphaMode="ADD">
          <TexCoords left="0" right="0.625" top="0" bottom="0.6875" />
        </HighlightTexture>
        <ButtonText name="$parentText">
          <FontHeight>
            <AbsValue val="10"/>
          </FontHeight>
        </ButtonText>
        <NormalFont style="GameFontNormal"/>
        <HighlightFont style="GameFontHighlight"/>
        <DisabledFont style="GameFontDisable"/>
        <PushedTextOffset x="0" y="0" />
      </Button>
      <Button name="$parentButton1" text="Report">
        <Size>
          <AbsDimension x="100" y="22"/>
        </Size>
        <Anchors>
          <Anchor point="TOPLEFT">
            <Offset>
              <AbsDimension x="18" y="-183"/>
            </Offset>
          </Anchor>
        </Anchors>
        <Scripts>
          <OnClick>
            SDDDDuelDecline_ManualReport()
          </OnClick>
        </Scripts>
        <NormalTexture file="Interface\Buttons\UI-Panel-Button-Up">
          <TexCoords left="0" right="0.625" top="0" bottom="0.6875" />
        </NormalTexture>
        <PushedTexture file="Interface\Buttons\UI-Panel-Button-Down">
          <TexCoords left="0" right="0.625" top="0" bottom="0.6875" />
        </PushedTexture>
        <DisabledTexture file="Interface\Buttons\UI-Panel-Button-Disabled">
          <TexCoords left="0" right="0.625" top="0" bottom="0.6875" />
        </DisabledTexture>
        <HighlightTexture file="Interface\Buttons\UI-Panel-Button-Highlight" alphaMode="ADD">
          <TexCoords left="0" right="0.625" top="0" bottom="0.6875" />
        </HighlightTexture>
        <ButtonText name="$parentText">
          <FontHeight>
            <AbsValue val="10"/>
          </FontHeight>
        </ButtonText>
        <NormalFont style="GameFontNormal"/>
        <HighlightFont style="GameFontHighlight"/>
        <DisabledFont style="GameFontDisable"/>
        <PushedTextOffset x="0" y="0"/>
      </Button>
      <Frame name="$parentLabel2">
        <Size>
          <AbsDimension x="226" y="54"/>
        </Size>
        <Anchors>
          <Anchor point="TOPLEFT">
            <Offset>
              <AbsDimension x="18" y="-123"/>
            </Offset>
          </Anchor>
        </Anchors>
        <Layers>
          <Layer>
            <FontString name="$parentLabel" setAllPoints="true" font="Fonts\FRIZQT__.TTF" text="This person has attempted to duel you 5 consecutive times.  Would you like to report them?">
              <FontHeight>
                <AbsValue val="14"/>
              </FontHeight>
              <Color r="1" g="0.8431373" b="0"/>
              <Shadow>
                <Color r="0" g="0" b="0"/>
                <Offset>
                  <AbsDimension x="1" y="-1"/>
                </Offset>
              </Shadow>
            </FontString>
          </Layer>
        </Layers>
      </Frame>
      <Frame name="$parentLabel1">
        <Size>
          <AbsDimension x="226" y="27"/>
        </Size>
        <Anchors>
          <Anchor point="TOPLEFT">
            <Offset>
              <AbsDimension x="18" y="-24"/>
            </Offset>
          </Anchor>
        </Anchors>
        <Layers>
          <Layer>
            <FontString name="$parentLabel" setAllPoints="true" font="Fonts\FRIZQT__.TTF" text="SDDuelDecline Report">
              <FontHeight>
                <AbsValue val="20"/>
              </FontHeight>
              <Color r="0.1960784" g="0.8039216" b="0.1960784"/>
              <Shadow>
                <Color r="0" g="0" b="0"/>
                <Offset>
                  <AbsDimension x="1" y="-1"/>
                </Offset>
              </Shadow>
            </FontString>
          </Layer>
        </Layers>
      </Frame>
      <Frame name="$parentPanel1">
        <Size>
          <AbsDimension x="226" y="60"/>
        </Size>
        <Anchors>
          <Anchor point="TOPLEFT">
            <Offset>
              <AbsDimension x="18" y="-57"/>
            </Offset>
          </Anchor>
        </Anchors>
        <Backdrop bgFile="Interface\Tooltips\UI-Tooltip-Background" edgeFile="Interface\Tooltips\UI-Tooltip-Border" tile="true">
          <BackgroundInsets>
            <AbsInset left="5" right="5" top="5" bottom="5"/>
          </BackgroundInsets>
          <TileSize>
            <AbsValue val="16"/>
          </TileSize>
          <EdgeSize>
            <AbsValue val="16"/>
          </EdgeSize>
        </Backdrop>
        <Frames>
          <Frame name="$parentLabel3">
            <Size>
              <AbsDimension x="152" y="30"/>
            </Size>
            <Anchors>
              <Anchor point="TOPLEFT">
                <Offset>
                  <AbsDimension x="35" y="-15"/>
                </Offset>
              </Anchor>
            </Anchors>
            <Layers>
              <Layer>
                <FontString name="SDDDNameLabel" setAllPoints="true" font="Fonts\FRIZQT__.TTF">
                  <FontHeight>
                    <AbsValue val="20"/>
                  </FontHeight>
                  <Color r="1" g="0.8196079" b="0"/>
                  <Shadow>
                    <Color r="0" g="0" b="0"/>
                    <Offset>
                      <AbsDimension x="1" y="-1"/>
                    </Offset>
                  </Shadow>
                </FontString>
              </Layer>
            </Layers>
            <Scripts>             
            </Scripts>
          </Frame>
        </Frames>
      </Frame>
    </Frames>
  </Frame>
</Ui>