<Ui xsi:schemaLocation="http://www.blizzard.com/wow/ui/ ..\FrameXML\UI.xsd">
  <Script file="Libs\LibStub\LibStub.lua"/>
  <Include file="libs\CallbackHandler-1.0\CallbackHandler-1.0.xml"/>
  <Include file="Libs\AceAddon-3.0\AceAddon-3.0.xml"/>
  <Include file="Libs\AceConsole-3.0\AceConsole-3.0.xml"/>
  <Include file="Libs\LibQuixote-2.0\lib.xml"/>
  <Include file="libs\AceDB-3.0\AceDB-3.0.xml"/>
  <Include file="libs\AceHook-3.0\AceHook-3.0.xml"/>
  <Include file="libs\AceEvent-3.0\AceEvent-3.0.xml"/>

</Ui>